query_id,duckdb_time,datafusion_time,distributed_time
5982,1.726233910769,24.073109779507,8.45364709571004
