query_id,duckdb_time,datafusion_time,distributed_time
13620,9.455716490746,26.027280285954,7.854929007589817
13719,13.417714830488,34.958649925888,7.269908964633942
8126,6.163191094995,33.939672220498,1.3927207440137863
