query_id,duckdb_time,datafusion_time,distributed_time
10997,17.686648055911,49.661723222584,23.953079767525196
14476,0.992681987584,7.03717565909,2.117492485791445
26188,0.079508520663,1.057483825833,0.08481327444314957
27294,6.197180103511,28.111826907843,14.195220861583948
29253,0.413201391697,20.9603359662,0.591339398175478
29440,0.146847639233,2.374906867743,0.1488017775118351
4863,2.953960694373,20.26595659554,5.35631800070405
5362,0.821826741099,43.535413704813,17.272291518747807
5770,0.476820971817,24.033959899098,20.94987003132701
