query_id,duckdb_time,datafusion_time,distributed_time
10997,17.686648055911,49.661723222584,23.440875995904207
11081,44.839861191809,66.113340124488,123.89112377539277
14476,0.992681987584,7.03717565909,3.0705621168017387
27294,6.197180103511,28.111826907843,13.807421639561653
5362,0.821826741099,43.535413704813,14.565299928188324
