{
  "transferModels": {
    "DATAFUSION": {
      "aMs": 72.93449767115817,
      "bMsPerRow": 8.296144368777422e-05,
      "cMsPerRowSizeByte": 0.0010951149669099413,
      "dMsPerOutputByte": 3.7986948397306743e-07
    },
    "DUCKDB": {
      "aMs": 62.297202312292946,
      "bMsPerRow": 0.00019855075008663338,
      "cMsPerRowSizeByte": 0.0,
      "dMsPerOutputByte": 9.375436427264941e-07
    }
  },
  "modelType": "abcd_linear"
}