query_id,duckdb_time,datafusion_time,distributed_time
12367,3.099340066314,5.029065798968,0.7991224974393845
14304,4.293055832386,8.708483014256,0.7196670658886433
27336,0.28198511526,44.113072231412,0.2749727666378021
29118,0.334970597178,2.812982179224,0.32320382073521614
