query_id,duckdb_time,datafusion_time,distributed_time
12367,3.099340066314,5.029065798968,2.3622580468654633
14304,4.293055832386,8.708483014256,0.9604811333119869
28561,0.71890386194,140.214654516429,0.6839569173753262
29118,0.334970597178,2.812982179224,0.3126716874539852
