query_id,duckdb_time,datafusion_time,distributed_time
28027,157.42730884999,220.823940891773,147.66816927865148
9142,0.478898562491,0.886154342443,0.4736376218497753
