query_id,duckdb_time,datafusion_time,distributed_time
26198,0.424657598138,11.299572214484,0.4108443185687065
8902,1.803843092173,36.318230941892,0.3936600349843502
