feature,importance
input_rows,0.72753525
output_rows,0.017250463
row_size_in,0.04778992
logical_ops_count,0.05466595
op_between,0.004163075
op_eq,0.036280073
op_ge,0.017359292
op_gt,0.008717595
op_in,0.0
op_is_not_null,0.009965517
op_is_null,0.0077884207
op_le,0.05247094
op_lt,0.016013563
op_ne,0.0
